first_name,last_name,email
Bill,McDermott,bill.mcdermott@servicenow.com
Charlie,Brown,charlie.brown@example.com
Daniel,Chestnut,dchestnut84@gmail.com
Vaughan,Destin,vaughan.destin2@servicenow.com
Justin,Time,justintime@timex.com
Seymour,Video,svid@widescreen.tv